OBJECTID,Accela_ID,Park_ID,Type,Mstn_level,Acreage,Park_Name,Polygon_count,SHAPESTArea,SHAPESTLength
5538,Spring Harbor Beach,441N,MINI,CityPark_Mini,1.44000006,Spring Harbor Beach Park,1,62891.3251342773,1688.49625003288
5539,Dickinson St (So) Street End,128T,TRAFFICWAY,CityPark_Trafficway,0.09,Dickinson Street (South) Street End,1,4093.16839599609,256.810702599034
5540,Sherwood Forest Park,569N,MINI,CityPark_Mini,1.40999997,Sherwood Forest Park,1,61448.6540527344,1347.33619119002
5541,Midtown Commons Park,783A,NEIGHBORHOOD,CityPark_Neighborhood,10.30000019,Midtown Commons Park,1,448854.742492676,3321.19002162653
5542,Swallowtail Park,771N,MINI,CityPark_Mini,3.50999999,Swallowtail Park,1,153017.410491943,1535.06467445176
5543,Bear Mound Park,111S,OPEN SPACE,CityPark_OpenSpace,1.60000002,Bear Mound Park,1,69898.7104492188,953.256997012361
5544,Bitzer Family Preserve,989E,CONSERVATION,CityPark_Conservation,8.28999996,Bitzer Family Preserve,1,361008.700195312,2407.35112942204
5545,Bernie's Beach,107N,MINI,CityPark_Mini,1.16999996,Bernies Beach Park,1,50802.7732543945,1090.21183972493
5546,Pumping Station 8,225S,OTHER,CityPark_Other,0.62,Pumping Station 8,1,26934.7145996094,655.460535273917
5547,Sauk Creek Park,667N,NEIGHBORHOOD,CityPark_Neighborhood,4.21000004,Sauk Creek Park,1,183181.766998291,1772.95958292063
5548,Stevens Street Playground,269N,MINI,CityPark_Mini,0.41999999,Stevens Street Park,1,18491.3489990234,842.812462395558
5549,Filene Park,118P,MINI,CityPark_Mini,0.76999998,Filene Park,1,33738.0953674316,743.13725742401
5550,Hill Creek Park,985A,NEIGHBORHOOD,CityPark_Neighborhood,24.68000031,Hill Creek Park,1,1075420.29946899,6093.20584215633
5551,Westhaven Trails Park,715A,NEIGHBORHOOD,CityPark_Neighborhood,5.55000019,Westhaven Trails Park,1,241824.596466064,2838.66417713151
5552,Nautilus Point Park,555N,MINI,CityPark_Mini,4.82999992,Nautilus Point Park,1,210525.582275391,2155.32816757573
5553,Badger Park,247N,MINI,CityPark_Mini,1.77999997,Badger Park,1,77400.3197937012,1072.51315247303
5554,Meadow Ridge Park,484A,NEIGHBORHOOD,CityPark_Neighborhood,18.12999916,Meadow Ridge Park,1,789780.346832275,3883.05132327685
5555,Marshall Park,533C,COMMUNITY,CityPark_Community,37.06999969,Marshall Park,1,1614842.99673462,6918.1417534348
5556,Highland Manor Park,307N,NEIGHBORHOOD,CityPark_Neighborhood,4.65999985,Highland Manor Park,1,202904.155578613,3818.09626853478
5557,Heritage Heights Park,416N,NEIGHBORHOOD,CityPark_Neighborhood,8.10999966,Heritage Heights Park,1,353192.856231689,2471.99647800722
5558,Lucy Lincoln Hiestand Park,683N,NEIGHBORHOOD,CityPark_Neighborhood,12.43999958,Lucy Lincoln Hiestand Park,1,541968.579803467,5033.15969633707
5559,Glen Oak Hills Park,445N,NEIGHBORHOOD,CityPark_Neighborhood,7.71999979,Glen Oak Hills Park,1,336448.453277588,2924.58417202264
5560,Lost Creek Open Space,576P,MINI,CityPark_Mini,1.25,Lost Creek Park,1,54544.7534179688,1775.47964503421
5561,Greentree - Chapel Hills Park,681N,NEIGHBORHOOD,CityPark_Neighborhood,38.97000122,Greentree - Chapel Hills Park,1,1697638.64968872,9523.1219568143
5562,Nesbitt Open Space,737P,OPEN SPACE,CityPark_OpenSpace,4.86000013,Nesbitt Open Space,1,211585.050689697,5273.58255247873
5563,Everglade Park,559N,MINI,CityPark_Mini,3.67000008,Everglade Park,1,159852.647491455,1697.17719512332
5564,Elver Park,679C,COMMUNITY,CityPark_Community,250.82000732,Elver Park,1,10925452.2757874,21290.6244264015
5565,Northeast Park,792N,COMMUNITY,CityPark_Community,237.75999451,Northeast Park,1,10356888.3777466,15714.2942906192
5566,Sugar Maple Park,981N,MINI,CityPark_Mini,2.27999997,Sugar Maple Park,1,99326.8989562988,1382.58910057319
5567,Newbery Park,787N,MINI,CityPark_Mini,2.13000011,Newbery Park,1,92585.8631591797,1208.47822159931
5568,Glenwood Park,387N,MINI,CityPark_Mini,2.8900001,Glenwood Park,1,125797.813079834,2136.63155929265
5569,Kestrel Park,987N,MINI,CityPark_Mini,2.16000009,Kestrel Park,1,94330.0104980469,1207.0904718189
5570,Waldorf Park,779N,MINI,CityPark_Mini,1.78999996,Waldorf Park,1,78185.6053161621,1093.70025289904
5571,Fisher Street Playground,129N,MINI,CityPark_Mini,0.30000001,Fisher Street Park,1,13232.5227355957,474.981584285674
5572,Patriot Park,698A,NEIGHBORHOOD,CityPark_Neighborhood,5.40999985,Patriot Park,1,235582.907226562,2082.30313817073
5573,Lakeland-Schiller Triangle,242T,MINI,CityPark_Mini,0.09,Lakeland-Schiller Triangle Park,1,4029.72372436523,312.391117624136
5574,Portland Park,310N,MINI,CityPark_Mini,3.41000009,Portland Park,1,148328.891204834,2405.83363033658
5575,Marlborough Park,415A,NEIGHBORHOOD,CityPark_Neighborhood,20.40999985,Marlborough Park,1,889140.885955811,4347.86036788622
5576,Hammersley Park,573N,MINI,CityPark_Mini,3.13000011,Hammersley Park,1,136191.601989746,1560.19986114356
5577,Lake Edge Park,352N,NEIGHBORHOOD,CityPark_Neighborhood,5,Lake Edge Park,1,217619.060211182,2345.23107219908
5578,Dudgeon School Park,251N,MINI,CityPark_Mini,1.63999999,Dudgeon School Park,1,71542.7437438965,1555.99422227251
5579,Reston Heights Park,624N,NEIGHBORHOOD,CityPark_Neighborhood,4.53000021,Reston Heights Park,1,197406.503356934,1839.8966663228
5580,Nakoma Park,391N,NEIGHBORHOOD,CityPark_Neighborhood,5.21000004,Nakoma Park,1,226792.044067383,2404.79226191238
5581,Pennsylvania Parkway,120P,MINI,CityPark_Mini,0.77999997,Pennsylvania Park,1,33807.2149353027,1137.77244473382
5582,Turville Point Conserv Park,123E,CONSERVATION,CityPark_Conservation,64.27999878,Turville Point Conservation Park,1,2800125.5111084,8049.91097148877
5583,Indian Springs Park,343P,OPEN SPACE,CityPark_OpenSpace,10.84000015,Indian Springs Park,1,472347.995147705,3306.05569118258
5584,Reservoir Park,277N,MINI,CityPark_Mini,3.8900001,Reservoir Park,1,169459.939331055,1659.6672020925
5585,Woods Farm Park,682N,NEIGHBORHOOD,CityPark_Neighborhood,4.76000023,Woods Farm Park,1,207158.841247559,1828.05066643257
5586,Flad Park,495N,MINI,CityPark_Mini,2.75999999,Flad Park,1,120362.382904053,1487.0834411406
5587,Worthington Park,336N,NEIGHBORHOOD,CityPark_Neighborhood,5.09000015,Worthington Park,1,221899.979949951,1910.84937094463
5588,Demetral Field,228C,COMMUNITY,CityPark_Community,49.18000031,Demetral Park,1,2142462.32919312,9692.39649059515
5589,Cherokee Marsh - North Unit,680E,CONSERVATION,CityPark_Conservation,946.58001709,Cherokee Marsh - North Unit,1,41232665.4547119,64245.3139921962
5590,Burrows Park,226A,NEIGHBORHOOD,CityPark_Neighborhood,10.56000042,Burrows Park,1,460081.322967529,3903.10152985309
5591,Acer Park,983N,NEIGHBORHOOD,CityPark_Neighborhood,8.01000023,Acer Park,1,348927.56842041,2730.63842009672
5592,Period Gardens,018P,OPEN SPACE,CityPark_OpenSpace,0.25,Period Gardens,1,10982.3921813965,529.535264162288
5593,Sherry (O.B.) Park,342N,NEIGHBORHOOD,CityPark_Neighborhood,7.96999979,Sherry (O.B.) Park,1,347211.516357422,2488.43783363251
5594,Peace (Elizabeth Link) Park,007P,MINI,CityPark_Mini,0.37,Peace (Elizabeth Link) Park,1,16226.5663146973,614.525111570562
5595,Churchill Heights Park,694N,MINI,CityPark_Mini,3.02999997,Churchill Heights Park,1,132153.559082031,1538.02988241929
5596,Breese Stevens Athletic Field,004C,SPORTS COMPLEX,CityPark_SportsComplex,4.53000021,Breese Stevens Athletic Field,1,197494.271972656,1855.74157188459
5597,Town Center Park,528N,MINI,CityPark_Mini,2.46000004,Town Center Park,1,107249.270721436,1464.51971365416
5598,Walnut Grove Park,663A,NEIGHBORHOOD,CityPark_Neighborhood,20.25,Walnut Grove Park,1,882002.869384766,4505.69019735399
5599,Reynolds Field,002N,MINI,CityPark_Mini,3.57999992,Reynolds Park,1,156001.452484131,1712.48388538223
5600,Wexford Park,611A,NEIGHBORHOOD,CityPark_Neighborhood,20.60000038,Wexford Park,1,897478.5703125,3774.45933879107
5601,Lederberg Park,793N,MINI,CityPark_Mini,1.09000003,Lederberg Park,1,47525.0329284668,940.774562877328
5602,Orlando Bell Park,438A,NEIGHBORHOOD,CityPark_Neighborhood,13.10000038,Orlando Bell Park,1,570703.42855835,4386.81664383359
5603,Starkweather Marsh,346E,CONSERVATION,CityPark_Conservation,13.93000031,Starkweather Park,1,606749.463897705,7407.87265918335
5604,Sheridan Triangle Park,364N,MINI,CityPark_Mini,0.15000001,Sheridan Triangle Park,1,6584.19708251953,432.733461942523
5605,Merrill Springs Park,421P,MINI,CityPark_Mini,0.69999999,Merrill Springs Park,1,30554.5721740723,694.479036198568
5606,McCormick Park,334G,MINI,CityPark_Mini,0.38,McCormick Park,1,16539.0983886719,653.933103108582
5607,Ocean Road Park,243N,MINI,CityPark_Mini,0.95999998,Ocean Road Park,1,41815.7678833008,957.192187758521
5608,Allied Park,489N,MINI,CityPark_Mini,1.22000003,Allied Park,1,52931.9326477051,960.766099883474
5609,Monona Bay Open Spaces,119T,TRAFFICWAY,CityPark_Trafficway,0.66000003,Monona Bay Open Spaces,1,28887.0346984863,1422.19144422646
5610,Quarry Park,271P,OPEN SPACE,CityPark_OpenSpace,16.88999939,Quarry Park,1,735928.797088623,3788.20217431419
5611,Old Middleton Road Open Space,451P,MINI,CityPark_Mini,0.51999998,Old Middleton Road Park,1,22844.4477233887,891.958118716704
5612,Knollwood Conservation Park,463E,CONSERVATION,CityPark_Conservation,14.78999996,Knollwood Conservation Park,1,644149.375061035,7944.8862577764
5613,Olbrich Park,244C,COMMUNITY,CityPark_Community,90.01000214,Olbrich Park,1,3920744.30886841,19893.8012292633
5614,Hiawatha Circle,393T,MINI,CityPark_Mini,1.30999994,Hiawatha Circle Park,1,57228.8258972168,1070.62248239191
5615,Yahara Hills Open Space(South),634P2,COMMUNITY,CityPark_Community,43.59000015,Yahara Hills Park (South),1,1898884.56930542,5611.75700163253
5616,Galaxy Park,520N,MINI,CityPark_Mini,3.47000003,Galaxy Park,1,150944.719970703,1787.96820118726
5617,Sauk Heights Park,875A,NEIGHBORHOOD,CityPark_Neighborhood,4.5999999,Sauk Heights Park,1,200470.896270752,2108.13813355061
5618,Orton Park,114N,MINI,CityPark_Mini,3.57999992,Orton Park,1,156086.664245605,1712.83607641433
5619,Sandstone Park,731N,NEIGHBORHOOD,CityPark_Neighborhood,6.53999996,Sandstone Park,1,284819.705780029,2420.5058972301
5620,Aldo Leopold Park,367A,NEIGHBORHOOD,CityPark_Neighborhood,11.09000015,Aldo Leopold Park,1,482988.25869751,3443.5383096752
5621,Kettle Pond,435E,CONSERVATION,CityPark_Conservation,8.06000042,Kettle Pond,1,351100.145477295,2693.98834310176
5622,Beld Triangle,133T,MINI,CityPark_Mini,0.12,Beld Triangle Park,1,5164.04165649414,402.928070174676
5623,Dixon Open Space,234P,OPEN SPACE,CityPark_OpenSpace,3.1500001,Dixon Open Space,1,137329.116516113,1878.39607381535
5624,Penn Park,233A,NEIGHBORHOOD,CityPark_Neighborhood,7.3499999,Penn Park,1,321058.209472656,2421.75787386561
5625,Westmorland Park,385A,NEIGHBORHOOD,CityPark_Neighborhood,11.68999958,Westmorland Park,1,509230.723388672,2924.15993114234
5626,Apple Ridge Open Space,735P,OPEN SPACE,CityPark_OpenSpace,11.98999977,Apple Ridge Park,1,521710.259552002,3839.63370630044
5627,McFarland Park,578P,MINI,CityPark_Mini,0.17,McFarland Park,1,7419.67251586914,413.832930840594
5628,Tenney Park,108C,COMMUNITY,CityPark_Community,38.11999893,Tenney Park,1,1660495.79519653,14356.6030583252
5629,Proudfit Open Space,009P,MINI,CityPark_Mini,0.56,Proudfit Park,1,24345.0050048828,962.386221301094
5630,Mandan Circle,397T,MINI,CityPark_Mini,0.22,Mandan Circle Park,1,9443.07235717773,352.945333340515
5631,Wirth Court Park,240N,MINI,CityPark_Mini,1.85000002,Wirth Court Park,1,80541.3735351562,1511.72169648495
5632,James Madison Park,000A,COMMUNITY,CityPark_Community,12.63000011,James Madison Park,1,550119.716491699,5405.65870679256
5633,Hollister Avenue Triangle,255P,OPEN SPACE,CityPark_OpenSpace,0.22,Hollister Avenue Triangle Park,1,9623.02990722656,516.152070669278
5634,Yahara Hills Open Space (West),634P1,COMMUNITY,CityPark_Community,82.19999695,Yahara Hills Park (West),1,3580811.47598267,9652.35820957296
5635,Hampton Court,449P,MINI,CityPark_Mini,0.1,Hampton Court Park,1,4546.07550048828,284.960163696831
5636,Eastmorland Park,350N,NEIGHBORHOOD,CityPark_Neighborhood,13.81000042,Eastmorland Park,1,601542.331573486,6169.44740556204
5637,Raemisch Homestead Park,713N,MINI,CityPark_Mini,4.05000019,Raemisch Homestead Park,1,176629.924835205,1619.44014666574
5638,Moraine Woods Conserv Park,993E,CONSERVATION,CityPark_Conservation,38.40999985,Moraine Woods Conservation Park,1,1673314.68893433,5175.91672840113
5639,Droster Park,426N,NEIGHBORHOOD,CityPark_Neighborhood,10.01000023,Droster Park,1,436078.614379883,4825.5623432787
5640,Camelot Open Space,531P,OPEN SPACE,CityPark_OpenSpace,0.55000001,Camelot Open Space,1,23933.7523193359,849.842792945244
5641,Brentwood Park,366N,MINI,CityPark_Mini,1.97000003,Brentwood Park,1,85727.2738647461,1464.29330299311
5642,Windom Way Park,394N,MINI,CityPark_Mini,2.83999991,Windom Way Park,1,123554.743408203,1567.91380229758
5643,Birchwood Point Park,991N,MINI,CityPark_Mini,4.21999979,Birchwood Point Park,1,183743.476867676,2108.84823640319
5644,Cypress Spray Park,229S,SPECIAL,CityPark_Special_Other,0.66000003,Cypress Spray Park,1,28534.9218444824,702.012671909457
5645,Odana Hills Park,401A,NEIGHBORHOOD,CityPark_Neighborhood,12.78999996,Odana Hills Park,1,556909.477172852,4101.07446307494
5646,Olin - Turville Park,123C,COMMUNITY,CityPark_Community,47.11999893,Olin Park,1,2052345.13980103,11734.0961722665
5647,Britta Parkway,497T1,MINI,CityPark_Mini,1.60000002,Britta Park,1,69863.8818359375,1458.11497915523
5648,Blount St (South) Street End,014T,TRAFFICWAY,CityPark_Trafficway,0.1,Blount Street (South) Street End,1,4385.29296875,265.134659105478
5649,Bordner Park,443N,NEIGHBORHOOD,CityPark_Neighborhood,6.46999979,Bordner Park,1,281769.289611816,4001.77155281697
5650,Hudson Park,242P,MINI,CityPark_Mini,4.75,Hudson Park,1,206866.618896484,5671.23542707339
5651,Brearly St (South) Street End,022T,TRAFFICWAY,CityPark_Trafficway,0.12,Brearly Street (South) Street End,1,5331.1091003418,297.171486781225
5652,Brigham Park,462N,MINI,CityPark_Mini,3.36999989,Brigham Park,1,146805.093383789,1678.27198204967
5653,Highlands East,539P,OPEN SPACE,CityPark_OpenSpace,4.07999992,Highlands East,1,177655.242889404,1701.75850987892
5654,Hiestand Park,406A,COMMUNITY,CityPark_Community,46.27000046,Hiestand Park,1,2015575.34347534,6786.36237673325
5655,Quann Park,127C,COMMUNITY,CityPark_Community,55.43000031,Quann Park,1,2414666.14315796,8705.40849851941
5656,High Crossing Park,696N,NEIGHBORHOOD,CityPark_Neighborhood,5.73999977,High Crossing Park,1,250072.612030029,2086.68805803821
5657,Pilgrim Park,585N,NEIGHBORHOOD,CityPark_Neighborhood,18.90999985,Pilgrim Park,1,823759.545898438,6473.68503653789
5658,Oak Park Heights Park,409N,MINI,CityPark_Mini,1.13,Oak Park Heights Park,1,49405.9888305664,893.622756694739
5659,Kerr - McGee Triangle,008P,MINI,CityPark_Mini,0.14,Kerr - Mcgee Triangle Park,1,5921.85214233398,364.055671401384
5660,Waunona Park,239N,NEIGHBORHOOD,CityPark_Neighborhood,5.13000011,Waunona Park,1,223263.166320801,2093.27121968654
5661,Elvehjem Sanctuary,424E,CONSERVATION,CityPark_Conservation,11.61999989,Elvehjem Sanctuary,1,506207.329711914,5144.06596805567
5662,Rustic Parkway,309P,NEIGHBORHOOD,CityPark_Neighborhood,8.82999992,Rustic Park,1,384444.2081604,3167.86862503625
5663,Junction Ridge Park,769A,NEIGHBORHOOD,CityPark_Neighborhood,14.32999992,Junction Ridge Park,1,624418.727905273,3837.87366008874
5664,Odana Hills East Park,401N,MINI,CityPark_Mini,2.27999997,Odana Hills East Park,1,99410.9927368164,1335.61280911043
5665,Spring Harbor Park,441A,NEIGHBORHOOD,CityPark_Neighborhood,8.21000004,Spring Harbor Park,1,357595.987030029,3573.99717429255
5666,Ice Age Ridge Park,719N,MINI,CityPark_Mini,3.67000008,Ice Age Ridge Park,1,159810.761535645,1869.38632197049
5667,Meadowood Park,491N,MINI,CityPark_Mini,3.06999993,Meadowood Park,1,133626.452880859,1549.22244604657
5668,Eagle Trace Park,975N,NEIGHBORHOOD,CityPark_Neighborhood,9.36999989,Eagle Trace Park,1,408146.801696777,3281.30541739405
5669,Indian Hills Park,419N,MINI,CityPark_Mini,2.56999993,Indian Hills Park,1,112142.117889404,1365.93075825989
5670,Garner Park,447C,COMMUNITY,CityPark_Community,41.83000183,Garner Park,1,1822204.61074829,5433.7255747581
5671,Capital Avenue Street End,439T,TRAFFICWAY,CityPark_Trafficway,0.2,Capital Avenue Street End,1,8885.40756225586,403.25667506994
5672,Ingersoll St (So) Street End,122T,TRAFFICWAY,CityPark_Trafficway,0.12,Ingersoll Street (South) Street End,1,5285.70266723633,291.876913157751
5673,Stricker's Pond,613E,CONSERVATION,CityPark_Conservation,13.48999977,Stricker's Pond,1,587625.043243408,3523.09775587586
5674,Reger (George) Park,238N,MINI,CityPark_Mini,1.02999997,Reger (George) Park,1,44778.1603088379,1062.62881196422
5675,De Volis Parkway,497T2,MINI,CityPark_Mini,2.19000006,De Volis Park,1,95601.4650268555,1717.69444203165
5676,Flagstone Park,819A,NEIGHBORHOOD,CityPark_Neighborhood,14.02000046,Flagstone Park,1,610642.808288574,5038.10556289054
5677,Giddings Park,006P,MINI,CityPark_Mini,1.52999997,Giddings Park,1,66540.5415039062,1072.46582933835
5678,Pinckney (North) Street End,024T,TRAFFICWAY,CityPark_Trafficway,0.20999999,Pinckney (North) Street End,1,9315.91165161133,471.241116271063
5679,Richmond Hill Park,526A,NEIGHBORHOOD,CityPark_Neighborhood,10.25,Richmond Hill Park,1,446543.172058105,2690.10861793249
5680,Quarry Cove Park,733P,MINI,CityPark_Mini,7.71999979,Quarry Cove Park,1,336377.909942627,2808.99219667075
5681,Baldwin St (South) Street End,126T,TRAFFICWAY,CityPark_Trafficway,0.12,Baldwin Street End,1,5319.0107421875,294.682953736489
5682,Livingston St (No) Sreet End,026T,TRAFFICWAY,CityPark_Trafficway,0.13,Livingston Street (North) Street End,1,5874.57217407227,312.197303369663
5683,Mayfair Park,402N,MINI,CityPark_Mini,2.45000005,Mayfair Park,1,106927.286193848,1592.78378105414
5684,McClellan Park,522N,NEIGHBORHOOD,CityPark_Neighborhood,4.51000023,McClellan Park,1,196334.825500488,2111.45476391301
5685,Sycamore Park,404A,COMMUNITY,CityPark_Community,71.41999817,Sycamore Park,1,3111284.618927,10836.1209077196
5686,Western Hills Park,493N,MINI,CityPark_Mini,0.47,Western Hills Park,1,20344.6615600586,563.102241821016
5687,Cherokee Marsh-Mendota Unit,480E,CONSERVATION,CityPark_Conservation,122.08000183,Cherokee Marsh - Mendota Unit,1,5317969.65771484,16358.8657578053
5688,Heritage Prairie,422E,CONSERVATION,CityPark_Conservation,4.28000021,Heritage Prairie,1,186414.596435547,1802.89419167907
5689,Acewood Park,328N,NEIGHBORHOOD,CityPark_Neighborhood,4.26000023,Acewood Park,1,185348.818603516,2781.96714655332
5690,Glacier Crossing Park,821E,OPEN SPACE,CityPark_OpenSpace,10.98999977,Glacier Crossing Park,1,478933.187713623,5675.3547720303
5691,Hawthorne Playground,224N,MINI,CityPark_Mini,0.98000002,Hawthorne Park,1,42730.2948913574,857.764906873012
5692,Skyview Park,527N,MINI,CityPark_Mini,5,Skyview Park,1,217660.270904541,2683.34700041276
5693,Midland Park,115N,MINI,CityPark_Mini,0.44,Midland Park,1,18962.461151123,1361.09217797475
5694,Dominion Park,628N,NEIGHBORHOOD,CityPark_Neighborhood,6.03000021,Dominion Park,1,262697.021942139,2271.94627750871
5695,Rimrock Park,245N,MINI,CityPark_Mini,2.30999994,Rimrock Park,1,100490.601898193,1257.20935625455
5696,Haen Family Park,665N,NEIGHBORHOOD,CityPark_Neighborhood,4.28999996,Haen Family Park,1,186682.385894775,1819.25009287582
5697,Hoyt Park,275A,COMMUNITY,CityPark_Community,22.62999916,Hoyt Park,1,985965.61315918,4472.1853312006
5698,Warner Park,368C,COMMUNITY,CityPark_Community,213.49000549,Warner Park,1,9299566.03717041,19769.1159185089
5699,Acacia Ridge Park,885N,NEIGHBORHOOD,CityPark_Neighborhood,10.21000004,Acacia Ridge Park,1,444815.096801758,2736.65610856941
5700,Valley Ridge Park,781N,NEIGHBORHOOD,CityPark_Neighborhood,6.86000013,Valley Ridge Park,1,298614.852661133,3387.18668020585
5701,Newville (Kenneth) Park,131P,MINI,CityPark_Mini,0.31999999,Newville (Kenneth) Park,1,13767.0596008301,466.607498023743
5702,Linden Grove Park,590N,MINI,CityPark_Mini,2.42000008,Linden Grove Park,1,105549.230987549,1601.06654524622
5703,Maple Prairie Park,627A,NEIGHBORHOOD,CityPark_Neighborhood,12.59000015,Maple Prairie Park,1,548629.088653564,3458.75076111052
5704,B.B. Clarke Beach,020N,MINI,CityPark_Mini,1.73000002,B.B. Clarke Beach Park,1,75553.4444274902,1598.42061610731
5705,Cardinal Glenn Park,877N,NEIGHBORHOOD,CityPark_Neighborhood,8.92000008,Cardinal Glenn Park,1,388540.266296387,3381.90342387918
5706,Lake View Heights Park,490N,MINI,CityPark_Mini,2.77999997,Lake View Heights Park,1,121064.617767334,1407.75423101202
5707,Door Creek Park,626C,COMMUNITY,CityPark_Community,159.97000122,Door Creek Park,1,6968510.51235962,22257.4977947735
5708,Hiestand Woods,406E,CONSERVATION,CityPark_Conservation,11.77999973,Hiestand Woods,1,513028.051300049,4608.9099100832
5709,Sherman Village Park,586N,MINI,CityPark_Mini,3.79999995,Sherman Village Park,1,165706.183044434,1624.99107000025
5710,Norman Clayton Park,577N,MINI,CityPark_Mini,3.44000006,Norman Clayton Park,1,149916.8565979,2205.1406087017
5711,Slater (William) Park,411N,MINI,CityPark_Mini,1.02999997,Slater (William) Park,1,45080.5373535156,853.912000167498
5712,Mud Lake Fishing Access,446P,OPEN SPACE,CityPark_OpenSpace,11.72999954,Mud Lake Fishing Access,1,510869.995849609,3778.47846750201
5713,Highlands West,537P,OPEN SPACE,CityPark_OpenSpace,3.03999996,Highlands West,1,132342.1378479,2416.5629524645
5714,Kingswood Park,883N,NEIGHBORHOOD,CityPark_Neighborhood,4.69000006,Kingswood Park,1,204315.010101318,1924.04220281587
5715,Blackhawk Park,873A,COMMUNITY,CityPark_Community,28.70999908,Blackhawk Park,1,1250484.72000122,6354.03280298423
5716,Felland Park,690A,NEIGHBORHOOD,CityPark_Neighborhood,13.52000046,Felland Park,1,588888.01864624,3680.11306492309
5717,Goodman Park,121A,COMMUNITY,CityPark_Community,29.11000061,Goodman Park,1,1268036.94003296,7629.58612087616
5718,Yahara Place Park,112N,NEIGHBORHOOD,CityPark_Neighborhood,6.07999992,Yahara Place Park,1,264814.254302979,4619.70603912404
5719,Rennebohm Park,317A,NEIGHBORHOOD,CityPark_Neighborhood,20.12000084,Rennebohm Park,1,876442.136535645,5322.10130004279
5720,North Star Park,524A,NEIGHBORHOOD,CityPark_Neighborhood,23.60000038,North Star Park,1,1027520.83685303,4472.34374101082
5721,Baxter Park,347A,NEIGHBORHOOD,CityPark_Neighborhood,9.84000015,Baxter Park,1,428479.775512695,2722.63098080333
5722,Greenside Park,879A,MINI,CityPark_Mini,2.50999999,Greenside Park,1,109184.356109619,1347.27733831142
5723,Kingston - Onyx Park,414N,NEIGHBORHOOD,CityPark_Neighborhood,4.73000002,Kingston - Onyx Park,1,206104.211914062,1888.74214645061
5724,Honeysuckle Park,408N,MINI,CityPark_Mini,3.78999996,Honeysuckle Park,1,164953.492095947,2476.84517543477
5725,Hillpoint Park,785N,MINI,CityPark_Mini,2.25,Hillpoint Park,1,97920.9136047363,1258.97697913457
5726,Westchester Gardens Park,598N,NEIGHBORHOOD,CityPark_Neighborhood,7.07999992,Westchester Gardens Park,1,308460.515319824,2534.55039088523
5727,Paunack (A.O.) Park,241N,NEIGHBORHOOD,CityPark_Neighborhood,5.42999983,Paunack (A.O.) Park,1,236645.08404541,4182.50838386107
5728,Sunset Park,383N,MINI,CityPark_Mini,1.5,Sunset Park,1,65525.4344177246,2201.15844092265
5729,Carpenter - Ridgeway Park,332N,NEIGHBORHOOD,CityPark_Neighborhood,3.95000005,Carpenter - Ridgeway Park,1,172019.340057373,1887.64066727731
5730,Waite Circle Open Space,301P,OPEN SPACE,CityPark_OpenSpace,0.20999999,Waite Circle Open Space,1,9202.96325683594,480.225857084695
5731,Acewood Conservation Park,328E,CONSERVATION,CityPark_Conservation,38.16999817,Acewood Conservation Park,1,1662753.33093262,6678.4321961755
5732,Yahara Parkway,106P,OPEN SPACE,CityPark_OpenSpace,7.65999985,Yahara River Parkway,1,333593.558197021,13219.1248141177
5733,Paunack (A.O.) Marsh,241E,CONSERVATION,CityPark_Conservation,5.28000021,Paunack (A.O.) Marsh,1,229917.956512451,2091.61787099358
5734,Orchard Ridge Park,467N,MINI,CityPark_Mini,2.68000007,Orchard Ridge Park,1,116839.200958252,2083.76569241509
5735,Secret Places Park,636A,NEIGHBORHOOD,CityPark_Neighborhood,6.73000002,Secret Places Park,1,292994.572143555,3033.80803662764
5736,Mineral Point Park,557P,OPEN SPACE,CityPark_OpenSpace,9.85000038,Mineral Point Park,1,429181.076873779,3011.77853670086
5737,Lucia Crest Park,373N,NEIGHBORHOOD,CityPark_Neighborhood,4.13999987,Lucia Crest Park,1,180251.900085449,2473.09836424905
5738,Whitetail Ridge Park,494A,NEIGHBORHOOD,CityPark_Neighborhood,9.55000019,Whitetail Ridge Park,1,415888.846496582,2860.74109332506
5739,Paterson St (North) Street End,028T,TRAFFICWAY,CityPark_Trafficway,0.08,Paterson Street (North) Street End,1,3549.67810058594,239.046579380459
5740,Northland Manor Park,584A,NEIGHBORHOOD,CityPark_Neighborhood,10.30000019,Northland Manor Park,1,448708.931915283,2853.72481482517
5741,High Point Park,685A,NEIGHBORHOOD,CityPark_Neighborhood,19.46999931,High Point Park,1,848185.026611328,4077.15308624839
5742,Owl Creek Park,572P,MINI,CityPark_Mini,3.92000008,Owl Creek Park,1,170996.34777832,2641.47840620805
5743,Arbor Hills Park,363N,NEIGHBORHOOD,CityPark_Neighborhood,7.9000001,Arbor Hills Park,1,344116.844970703,2968.56976320761
5744,Huegel Park,589A,NEIGHBORHOOD,CityPark_Neighborhood,12.97999954,Huegel Park,1,565313.431732178,4293.65933314877
5745,Glacier Hill Park,504A,NEIGHBORHOOD,CityPark_Neighborhood,15.5,Glacier Hill Park,1,675151.231536865,3934.08150606585
5746,Vilas (Henry) Park,113C,COMMUNITY,CityPark_Community,45.66999817,Vilas (Henry) Park,1,1989478.41143799,16425.1625768493
5747,Thousand Oaks Park,881P,NEIGHBORHOOD,CityPark_Neighborhood,15.01000023,Thousand Oaks Park,1,653843.626678467,5241.14102533254
5748,Livingston St (So) Street End,016T,TRAFFICWAY,CityPark_Trafficway,0.12,Livingston Street (South) Street End,1,5311.6178894043,357.670023578567
5749,Owen Conservation Park,549E,CONSERVATION,CityPark_Conservation,96.79000092,Owen Conservation Park,1,4216143.02877808,9804.77252157075
5750,Elvehjem Park,424A,NEIGHBORHOOD,CityPark_Neighborhood,5.38999987,Elvehjem Park,1,234632.70135498,3113.16993504424
5751,Elmside Circle Park,222N,MINI,CityPark_Mini,1.05999994,Elmside Circle Park,1,46259.7998657227,762.790674011492
5752,Hughes Open Space,231P,MINI,CityPark_Mini,0.27000001,Hughes Park,1,11957.2694396973,447.728747951943
5753,Olive Jones Park (Randall Sch),149N,MINI,CityPark_Mini,1.33000004,Olive Jones Park (Randall School),1,57806.4992980957,961.765284736032
5754,Waltham Park,687N,NEIGHBORHOOD,CityPark_Neighborhood,5.76999998,Waltham Park,1,251123.969207764,2133.82810753664
5755,Breese Terrace Triangle,147T,OPEN SPACE,CityPark_OpenSpace,0.06,Breese Terrace Triangle,1,2703.58145141602,234.980141518147
5756,Morrison Park,116N,MINI,CityPark_Mini,0.66000003,Morrison Park,1,28667.6331481934,680.142298980547
5757,Ontario Park,348N,MINI,CityPark_Mini,2.08999991,Ontario Park,1,91178.8892822266,2231.10108136468
5758,Burr Jones Field,110N,NEIGHBORHOOD,CityPark_Neighborhood,4.67999983,Burr Jones Park,1,203681.813842773,2041.98409629021
5759,Lerdahl Park,470N,MINI,CityPark_Mini,2.27999997,Lerdahl Park,1,99276.6099853516,1275.21878961562
5760,Monona Park,358N,NEIGHBORHOOD,CityPark_Neighborhood,8.47999954,Monona Park,1,369234.297821045,3866.72351061953
5761,Heritage Sanctuary,416E,CONSERVATION,CityPark_Conservation,9.34000015,Heritage Sanctuary,1,407041.013183594,4521.95058384153
5762,Wheeler Heights Park,588N,MINI,CityPark_Mini,1.62,Wheeler Heights Park,1,70702.4266052246,1049.59382188431
5763,Prairie Ridge Conserv Park,791E,CONSERVATION,CityPark_Conservation,48.75999832,Prairie Ridge Conservation Park,1,2124051.33398438,7539.17861921886
5764,Raymond Ridge Park,789N,NEIGHBORHOOD,CityPark_Neighborhood,17.28000069,Raymond Ridge Park,1,752922.207000732,4665.66533966547
5765,Edgewood Pleasure Drive,261P,TRAFFICWAY,CityPark_Trafficway,2.43000007,Edgewood Pleasure Drive,1,105931.621643066,4438.47698690968
5766,Reindahl (Amund) Park,400C,COMMUNITY,CityPark_Community,90.73999786,Reindahl (Amund) Park,1,3952715.45513916,10368.9771954503
5767,Law Park,003P,COMMUNITY,CityPark_Community,4.65999985,Law Park,1,203097.405822754,5539.29839727951
5768,Country Grove Park,717A,COMMUNITY,CityPark_Community,31.48999977,Country Grove Park,1,1371724.54855347,9298.03169561925
5769,Sunridge Park,571N,MINI,CityPark_Mini,2.3599999,Sunridge Park,1,102762.878356934,1284.46202999444
5770,Veterans Memorial Park,574N,NEIGHBORHOOD,CityPark_Neighborhood,5.34000015,Veterans Memorial Park,1,232543.557952881,1974.16123623194
5771,Sandburg Park,596A,NEIGHBORHOOD,CityPark_Neighborhood,14.73999977,Sandburg Park,1,642095.434051514,9808.03078057729
5772,Esther Beach,237N,MINI,CityPark_Mini,1.60000002,Esther Beach Park,1,69783.2844238281,1113.20714025151
5773,Jeffy Trail Park,795P,OPEN SPACE,CityPark_OpenSpace,1.34000003,Jeffy Trail Park,1,58345.1219177246,1582.57211210802
5774,Doncaster Park,499N,MINI,CityPark_Mini,0.28,Doncaster Park,1,12029.7275390625,448.977848632082
5775,Mohican Pass Triangle,483T,MINI,CityPark_Mini,0.85000002,Mohican Pass Triangle Park,1,36985.0170898438,863.826335581554
5776,Westport Meadows Park,482N,MINI,CityPark_Mini,1.67999995,Westport Meadows Park,1,73175.0652160645,1065.12351160765
5777,Edna Taylor Conservation Park,360E,CONSERVATION,CityPark_Conservation,60.27000046,Edna Taylor Conservation Park,1,2625250.77215576,7854.73284013023
5778,Odana School Park,407N,NEIGHBORHOOD,CityPark_Neighborhood,5.98000002,Odana School Park,1,260560.554901123,2054.77874744836
5779,Wingra Park & Boat Livery,259A,NEIGHBORHOOD,CityPark_Neighborhood,11.76000023,Wingra Park and Boat Livery,1,512307.353302002,3532.16709193318
5780,Woodland Hills Park,561A,NEIGHBORHOOD,CityPark_Neighborhood,15.13000011,Woodland Hills Park,1,658861.715911865,3358.27400550855
5781,Eken Park,232N,MINI,CityPark_Mini,2.06999993,Eken Park,1,90061.1816101074,1254.37587042591
5782,Few Street (South) Street End,124T,TRAFFICWAY,CityPark_Trafficway,0.1,Few Street (South) Street End,1,4522.50259399414,270.158029155323
5783,Village Park,794N,MINI,CityPark_Mini,3.22000003,Village Park,1,140249.106872559,1779.31944491029
5784,Segoe Playground,413N,MINI,CityPark_Mini,1.91999996,Segoe Park,1,83605.7482910156,1248.17838678329
5785,Quaker Park,256N,MINI,CityPark_Mini,0.76999998,Quaker Park,1,33498.0381774902,821.829592244421
5786,Owen Parkway,375P,OPEN SPACE,CityPark_OpenSpace,9.28999996,Owen Parkway,1,404507.774627686,6389.24214777973
5787,McGinnis Park,412N,NEIGHBORHOOD,CityPark_Neighborhood,4.07000017,McGinnis Park,1,177490.235839844,2160.88284498484
5788,Cherokee Park,582A,NEIGHBORHOOD,CityPark_Neighborhood,18,Cherokee Park,1,784287.956451416,10255.1813246988
5789,Cherokee Marsh-School Rd Unit,580E,CONSERVATION,CityPark_Conservation,261.26998901,Cherokee Marsh - South Unit (School Road Unit),1,11381114.213562,28382.4051859864
5790,McPike Park,102S,COMMUNITY,CityPark_Community,9.21000004,McPike Park,1,400702.793548584,6393.16940754846
5791,Thut Park,249N,NEIGHBORHOOD,CityPark_Neighborhood,7.19000006,Thut Park,1,313379.479003906,3161.36810107385
5792,Edward Klief Park,109N,MINI,CityPark_Mini,1.66999996,Edward Klief Park,1,72792.8014526367,1128.73919762061
5793,Zook Park,487N,MINI,CityPark_Mini,1.63,Zook Park,1,71063.3145751953,1114.34345848091
5794,South & West Shore Parkways,001P,OPEN SPACE,CityPark_OpenSpace,2.80999994,South & West Shore Park,1,122411.860137939,7064.22870318904
5795,Berkley Park,492N,MINI,CityPark_Mini,3.0999999,Berkley Park,1,135193.130645752,1566.77608786453
5796,Washington Manor Park,334N,MINI,CityPark_Mini,2.47000003,Washington Manor Park,1,107465.678314209,1624.39820998091
5797,Manchester Park,629A,NEIGHBORHOOD,CityPark_Neighborhood,14.43999958,Manchester Park,1,629083.353851318,3392.88509818041
5798,Bowman (Duane F.) Field,225C,SPORTS COMPLEX,CityPark_SportsComplex,23.36000061,Duane F. Bowman Park,1,1017351.29962158,6047.22213623923
5799,Robin Park,315G,OTHER,CityPark_Other,2.1099999,Robin Park,1,91929.3301086426,1770.85214483017
5800,Brittingham Park,005C,COMMUNITY,CityPark_Community,25.80999947,Brittingham Park,1,1124262.02145386,16490.394006188
5801,Sandburg Woods,596E,CONSERVATION,CityPark_Conservation,34.11999893,Sandburg Woods,1,1486144.09793091,7426.06479083165
5802,Orchard Ridge Valley Park,465P,NEIGHBORHOOD,CityPark_Neighborhood,9.5,Orchard Ridge Valley Park,1,413747.123535156,3437.94244614914
5803,Kennedy Park,418A,COMMUNITY,CityPark_Community,22.71999931,Kennedy Park,1,989474.125610352,4173.31343917018
5804,Meadow Ridge Conservation Park,484E,CONSERVATION,CityPark_Conservation,9.86999989,Meadow Ridge Conservation Park,1,429844.051177979,3001.41233123079
5805,Tillotson Park,389P,OPEN SPACE,CityPark_OpenSpace,1.30999994,Tillotson Park,1,56973.0483398438,1834.67885057492
5806,Hillington Triangle,257N,MINI,CityPark_Mini,0.68000001,Hillington Triangle Park,1,29702.6196899414,836.346954051939
